/var/mnt/rootfs/private/tmp/dsc	245292972	256	
/var/mnt/rootfs/private/tmp/dsc/.v8.patched.dyld_shared_cache_arm64e	245847898	2712764416	
/var/mnt/rootfs/private/tmp/dsc/.v8.patched.dyld_shared_cache_arm64e.01	245847910	2203500544	
/var/mnt/rootfs/private/tmp/dsc/dyld_shared_cache_arm64e	245715821	2712764416	
/var/mnt/rootfs/private/tmp/dsc/dyld_shared_cache_arm64e.01	245719068	2203500544	
/var/mnt/rootfs/private/tmp/dsc_none	245921632	64	
/var/mnt/rootfs/private/tmp/dscout	245411269	64	
/var/mnt/rootfs/private/tmp/extract_dyld_cache.py	245411290	2323	1920a1997f939faf76db8eedbaccc34d02e0a3727410654a23572d1b9db7a82d
/var/mnt/rootfs/private/tmp/mpriv	245748420	34128	8feccbd9d64376be30b1663d555e1c0b8d87c1b53a1c8ced947ef690f8400fbf
/var/mnt/rootfs/private/tmp/mregions	245762255	34032	26017fa40e237a940c6973a3118db13d2b40f5e931812cb132a42a0ff2ffaebe
/var/mnt/rootfs/private/tmp/mregions2	245762370	34000	8d4a734e7d981460aeda8005d1480aad2a2384506929c19ebf1244c200f9f452
/var/mnt/rootfs/private/tmp/sprobe	245097673	34048	4e47217e24c1d7e22a626c7093ac2c8b0c99b24839e63ad8106e00629a6da210
/var/mnt/rootfs/private/tmp/sprobe_test	245090698	16984	1b53542c4f9b995b5933d14e44c9e8546244a9dcbf748e432c0720f9ce3d1c98
/var/mnt/rootfs/private/tmp/sr536	245714339	67568	da6be2a89c559bc66e86c85717e953e55720affacf1ab5da8d32bc35893817c5
/var/mnt/rootfs/private/tmp/srteardown	245767430	34016	7013012c81ea9228355dfbc0847a932b93e6bf9a64a96511a91d2d7056b8ea4f
/var/mobile/BAK_libdyld.dylib	245411635	217088	fe23e423767b87ce6f8ae2c2c8f91ce8b6699342780624127ecc4b17758cd289
/var/mobile/bak_libdyld.dylib	245338698	217088	d92a564feb21e164de8eb9d69c06270b8763abbe39169e3bba8d779f21fe53d2
/var/mobile/cache_page_copy_v1	245794970	51952	4944bf6533b6e3ef2d3c8ca3aee81168652da96516a03c05e2a020986f3b0cd5
/var/mobile/cache_page_copy_write_v1	245795579	51968	a44dd92a15c1afe98c4aab4ac32777ccdce659b39a56f26ba22b359838b63da5
/var/mobile/cache_page_fixed_full_ios	245791118	34592	d6508b1172491acd4ec2f7e2f639fd877ef7d453e71bf893b906bd4be1c2450b
/var/mobile/cache_page_fixed_ios	245791066	34576	08e7cca8664fcb25186fda61616b64ba13e6bf27c64ca6191e0db5506eb71c46
/var/mobile/cache_page_fixed_prefix_ios	245791199	34592	24fd9510ce7b79807ca9e005fcdaffd40c76fcc02242cd33fbcc4ea32da33bf6
/var/mobile/cache_page_fixed_stop_ios	245791304	34592	df1e543026283156a40096e9784bf23df846ca26b9fdb0801e11f0fb5ea45f76
/var/mobile/cache_page_probe_ios	245790988	51568	fdec73fb9a68f401f6bccb7e4e4bc765ba90f89b6d58e52de5f2a8cc16372bfc
/var/mobile/csprobe.py	246147729	3947	4e3e048b8ab2141ca6f09d3a05efd176e225bc014e30ea1d1b13a4b8c89d7d24
/var/mobile/csprobe2.py	246149191	10166	99e41a9fe71542c2505ef37cbf6ed3d64ee509e19a2d72c5541c2e091ab82406
/var/mobile/csprobe2_safe.py	246323786	12623	166df64b31618b3fda9c62608c8d99f4588c9ec07219ce2e9050fbe1596bfefd
/var/mobile/csprobe_live.out	246323812	49	ccd19fef7d8a5a6338a2c9bef5d1e0ccb26868b7968113f10d4354a9c3feb877
/var/mobile/csprobe_live.pid	246323811	5	5af94f59cb92919fbae7105b2b885d7bfe669c44fb41c771231a44efadb13dea
/var/mobile/csprobe_live.raw	246323810	3528	f34b95379c0b8bde2630f0f225f9d1eaec74692b85acf85e7194f80255aa10f2
/var/mobile/device_mac15_inventory.py	247400462	4638	92d4afa069042b6cdf1ff82885873373a3935c4a35d7e58fe401417c7c0d96b2
/var/mobile/device_mac15_topscan.py	247422646	2246	756e42d07d3a375f8acefce79f6a52f3fb643af8f4a9d510da1f0e1c812f2676
/var/mobile/dsc_libSystem.B.dylib	245449700	16384	f37e6a305b5aba1e9e22c98d933f66c52e3af191e4fed9f9e300d310ea44cb4c
/var/mobile/dsc_libs.tgz	245411632	74287991	345b6681ca6990a573bd4728463b8adb972303b9dd02e49b4fba7ba23c59fadd
/var/mobile/dyld-mapshared-diag2.bin	246268247	1245872	dc72574c3b98f9307b2b3c2c72bc379a0c1fa844580db6aeff0476aeef5cccfb
/var/mobile/dyld_01	245480207	1239632	9f79e94525752390d44090e671df646f9b3aa46285b92a87f47fd39b7a1d5fe1
/var/mobile/dyld_15.6.1_arm64e_thin	245299911	1240752	12dc97d541939a8e05d58f265f62eaef93fbce63740d7eefaee434cea7acbac5
/var/mobile/dyld_ad	245091135	1239648	d50545c9c111f31b722f238ac8e4985df8b18c286d5150d18f96bb4ecfb61e4c
/var/mobile/dyld_ae2	245131161	1240752	1bdfeadd12afdd260ef7b705e0b90e2aa6011f31e4624c44806703705a0c84d5
/var/mobile/dyld_ane.bin	245572031	1240752	4077e2dc18f0639e4d6486be18a423be34f2f0c309dfaa27a583e4dd7f1648ba
/var/mobile/dyld_bc.bin	245454407	1239632	52ebfccb62d194a0519310b81e3a15dc4ebe21882228299631fca0a857634f00
/var/mobile/dyld_before.bin	245507718	1239648	11df010c56a7d0328e853587448c9ed7f345cc36a8b2c0077cb7a0ac5b131249
/var/mobile/dyld_bfd.bin	245571890	1240752	21e9019b8d927789cda2bdc15ae333d0ece71d9c0f252dd339f09735b05201ce
/var/mobile/dyld_bk_resign.bin	245298866	1239648	bfef2c72e4791900f4413a80b4023456b8bce88042d0236333d8ba5eeaceb035
/var/mobile/dyld_cachereg_probe.out	246301620	49	a3e4bcf943af72686a62991e4b39e566742cfd5c7ee50805d93e7ea5a2b90cce
/var/mobile/dyld_cachereg_probe.raw	246301621	112124	433614786702b742501e1dae772f0d0a52413baa62b80aee9e79506840181f8b
/var/mobile/dyld_cachereg_probe_tested	246301615	1245872	51a662178336308df0696ba2dc3ae2c92e7eeab2756fb3b3ba97e80135baead5
/var/mobile/dyld_candidate_echo.out	246300236	49	7c9c8feea54482d4c37c313cd79dd3a7ae8dba0c5072ea2dd7db65371f862a9b
/var/mobile/dyld_candidate_echo.raw	246300237	112124	d946bccc20c35f726d5977f0bbe9cc689b131b00f82ef97c7cf1a4113337b1d5
/var/mobile/dyld_candidate_tested	246300163	1245872	51a662178336308df0696ba2dc3ae2c92e7eeab2756fb3b3ba97e80135baead5
/var/mobile/dyld_cavetest.bin	245294020	1240752	9dee8b9722ece2c5a26d3a774bcbc747fbee41ce6cc17dadc59c819e9795d208
/var/mobile/dyld_cb1.bin	245780756	1240752	c48628be2670b4e623f443c5b0a65f2e5ae11e399fac08746eb6d4ad7eaf9cc5
/var/mobile/dyld_chknp.bin	245763199	1240752	670b9faf5c19b6a04420d793df50ab930968f5e84f0473ba6d5546430dac2429
/var/mobile/dyld_ck2	245694333	1239632	fbd9ffde53f55ed72a8af3013484010c620196095a50314b4b534d788a070dd8
/var/mobile/dyld_cknp	245585679	1239632	ab6fb19b9df9e20938f3280ade3afb90e085b10be3965a1b02eb7e9f2d2afbfb
/var/mobile/dyld_cknp2.bin	245478729	1239648	e71e8b35af1df67b4c31dbf6fba3f5bfe8fe4b5d02d7004bd353477d02d812e1
/var/mobile/dyld_cknp3.bin	245410762	1239648	ed24b85321310e55c8d23f9b5fd0695ff6490489c02b86f9c2d2247fb704411d
/var/mobile/dyld_cleanB	245583310	1239632	cdbaf38b507970aa1b856a8f5b5786a173c10d60a02bbb5823c5a3d98ccb72be
/var/mobile/dyld_clean_f1	245943735	1229344	7842b1ded3bf6f3b090366a2c5399da78daffebe219e197077fbd5eca3a4fa14
/var/mobile/dyld_cli_autopsy_v1.out	245797894	49	07f9ddb68e4853b1eb10a67718e4fb3f3a5968297d8296a0ef163ce6457abfba
/var/mobile/dyld_cli_autopsy_v1.raw	245797895	1916	8f464b67ff5ba23f461c2e5f704c1151ee76e166e468e8cd6ed43dd12aa9cd82
/var/mobile/dyld_cli_autopsy_v1.sh	245797891	3519	7fe27a603168ce0b142f755e903a32eb85f60e767a4d39872ee388650cc2f7e4
/var/mobile/dyld_cli_autopsy_v1_pre.bin	245797892	1239616	9956915299c6e3e21c7e650242166bab05dc635da4acac2cbade4e646eec51a1
/var/mobile/dyld_cli_baseline.bin	245786248	1239664	a4a55c9969b3d6c16208fceeb9b19613452ef54417773827d6f35c0a76a902dd
/var/mobile/dyld_cli_emptysr_pre.bin	245790288	1239616	9956915299c6e3e21c7e650242166bab05dc635da4acac2cbade4e646eec51a1
/var/mobile/dyld_cli_emptysr_trace.out	245790350	49	599bbfa4d15c72fce30c0130a2e6913e9652058c9135b7616a9a438c500ff7b1
/var/mobile/dyld_cli_emptysr_trace.raw	245790351	586	3f82b53c46d47656b5b2c989519026b3624f264becce4a61d020bd8670590936
/var/mobile/dyld_cli_highreserve_pre.bin	245790797	1239616	9956915299c6e3e21c7e650242166bab05dc635da4acac2cbade4e646eec51a1
/var/mobile/dyld_cli_highreserve_trace.out	245790847	49	3d71e605f77c34b06f7a5596869038074a8d2f4b0d0d4c9c270ca4afface5f2d
/var/mobile/dyld_cli_highreserve_trace.raw	245790848	736	c759b80fc20a9a2e31e76c30a8c74086b0f519439a710980167417afe9195254
/var/mobile/dyld_cli_kmsg_v1.out	245795966	49	33e7062fdffe73e01a9c5a4be155febd4189153dffc72412d1db5f49cf31d0f7
/var/mobile/dyld_cli_kmsg_v1.raw	245795967	1839	5a840a3a0fa1f75186eb5821abefb9033a525b6489574bbab9d4f34c560632bf
/var/mobile/dyld_cli_kmsg_v1.sh	245795955	2997	c277f327c6aadd36d05be0e7461f3b99733382d6fe43e96a3de906158e0c07f2
/var/mobile/dyld_cli_kmsg_v1_pre.bin	245795964	1239616	9956915299c6e3e21c7e650242166bab05dc635da4acac2cbade4e646eec51a1
/var/mobile/dyld_cli_m3cmp_pre.bin	245791506	1239616	9956915299c6e3e21c7e650242166bab05dc635da4acac2cbade4e646eec51a1
/var/mobile/dyld_cli_m3cmp_trace.out	245791516	49	06a812609b6f2ae0e780345a374a26ee63aa31563bf6e6e639ad696e278cf6aa
/var/mobile/dyld_cli_m3cmp_trace.raw	245791517	870	1e97f055fc96e5ddb3da5dc5b08a5dfca35ea110a512096e54b2f9046c93e790
/var/mobile/dyld_cli_pcmap_v1.out	245795176	49	47b2fdabda779b3e5298ddee07860563ec234ed93ac6cd1ce4006486c2537db3
/var/mobile/dyld_cli_pcmap_v1.raw	245795177	1839	2b6878aee71dc08c2506ae0d80c5b4d0945814c7d2a9a65e269110302f4bf754
/var/mobile/dyld_cli_pcmap_v1_pre.bin	245795174	1239616	9956915299c6e3e21c7e650242166bab05dc635da4acac2cbade4e646eec51a1
/var/mobile/dyld_cli_pre_teardown.bin	245786240	1239616	9956915299c6e3e21c7e650242166bab05dc635da4acac2cbade4e646eec51a1
/var/mobile/dyld_cli_srpair_pre.bin	245788975	1239616	9956915299c6e3e21c7e650242166bab05dc635da4acac2cbade4e646eec51a1
/var/mobile/dyld_cli_srpair_trace.out	245789027	49	b6315618a25f2c329088154b5ef3d5fb05224dee35c42623af6fb53c65c55078
/var/mobile/dyld_cli_srpair_trace.raw	245789028	156	084e83888f71ee8ecff1fbf5e3d4e41452cb38cae82dd0204f62a8cf59fbf05d
/var/mobile/dyld_cli_srpair_trace_v2.out	245789565	49	3e2bd919256a68c662ff94f9087d66ca00f37272f9c6de01c3615d572cfa3f18
/var/mobile/dyld_cli_srpair_trace_v2.raw	245789566	431	23d9694bd66b5c536edd2900dfc8f2c67903ca0eb22a06c1fc5fb5d93352b816
/var/mobile/dyld_cli_srpair_trace_v3.out	245789873	49	bb6cfd5c23c26e62a345e7c861df53c5f9cbbc1478ec99dcc1aad20a985e7ad8
/var/mobile/dyld_cli_srpair_trace_v3.raw	245789874	621	ce55bee7f458cba752c9398ea14874bdf3aa6b5f0e2c184c8081e60b5303cc0c
/var/mobile/dyld_compat.bin	245449708	1239648	7f4127f937098a4aa1555a36d0e5b0325e5f0711c3ea79d27f04a7d04c9cfae2
/var/mobile/dyld_cs.bin	245455162	1239632	707cbdb931fb20a42ed972bfe769d1533d7c2a0128dccbb30ea0605947600b98
/var/mobile/dyld_cspin.bin	245290387	1239648	8146b5faeffcb8a5175e2c436ddb2203dd80c068ae7497517586f8afc6fd2cf1
/var/mobile/dyld_def.bin	245268810	1239632	d72fbf6a1170ea5d4132576d524b97edb1b6257270af61d3d7ea79fd3f50c172
/var/mobile/dyld_deploy.bin	245131262	1239648	11df010c56a7d0328e853587448c9ed7f345cc36a8b2c0077cb7a0ac5b131249
/var/mobile/dyld_deployed_backup.bin	245297732	1239632	69faa18b7ae178c8bb64f3d2c2fbcb654a1cbc6f1df0ddcbf63ef47b7cbf7a47
/var/mobile/dyld_diag.bin	245410318	1239648	450df0aaecb8a092d7855bae7c3251f056be5d29368a826d46203f482b741c0d
/var/mobile/dyld_diag1.bin	245324365	1239648	2393cd504dfe428380c995c9e9a0f07573d65e3489a46de9e7b8cf7bd67883da
/var/mobile/dyld_diag_nr.bin	245410482	1239648	c1d684b5fe90447755f8387c9d7450f8e6fd44297f06481050cefbdfccd26e6f
/var/mobile/dyld_dm.bin	245574004	1240752	da1a422294f69080082daa029e62468727e9e38a15ca62b0dddc6d6d88c51e97
/var/mobile/dyld_dm7.bin	245570355	1240752	20f77192937c0cd64ad89fe383b078cae596870dd0660489af91f69bab327372
/var/mobile/dyld_dump	245478278	1239632	2b23ddf43050bd773e4338b196eb1acb626c6abccc361a9cf7117a96acd80ddf
/var/mobile/dyld_dump.bin	245545964	1240752	5124dd2ae16dff9cb4c0787387c97ed752d1847908175d6d5377d7b6a0190ae5
/var/mobile/dyld_dump2.bin	245341312	1239648	6f40d20ad855407bfdd090cffe1e7cd7edd19b0d7dfb2bd919396cb069bee61a
/var/mobile/dyld_dump536.bin	245453107	1239648	986f8a9208f36d251480a73e81338f207255a30242102adf8fca9af604884cc5
/var/mobile/dyld_e.bin	245481549	1239632	85d0d75d9428a5e5912070b0709c7310854d477f044eb469e23c3f7b778068bd
/var/mobile/dyld_e0a.bin	245581533	1240752	a439f688c4575ac045aabfab83734269b7463e3a21c5f4d4d5ccbda533242994
/var/mobile/dyld_e2.bin	245481567	1239632	8d0e31a7583dd07128c7630a7c182735d866393ecb3aa8c4323895c8c99533ac
/var/mobile/dyld_e3.bin	245481588	1239632	5e1d63c9e178b1ca5dc30a674e508f81f0be1365233315ca300ef857ac1b4e04
/var/mobile/dyld_e5.bin	245481646	1240752	6e6ff5c3f628f501b027ad7e4e74c9dc85d06f4ac835d6429b296a60e82452e3
/var/mobile/dyld_e536.bin	245453689	1240752	035f300df4840d1472c67c07c19338c70f3fc88ea6fbb2d769a2f179755e8a9a
/var/mobile/dyld_e536b.bin	245453696	1239648	bca7f95f210e5985fbc31ac1c4a895a2345d5998bc0bd1c7ed1f5ba14706c11e
/var/mobile/dyld_e5b.bin	245269138	1239632	ad87f293a807767de3c99e9de255b8aaf9987808c3f5abcbef3fcf31f8cd5751
/var/mobile/dyld_e5p.bin	245482293	1239632	3012391626adeb8731007b8fa4390d9bd1bf85649e63952aeea29f88b6079cd6
/var/mobile/dyld_e5r.bin	245571783	1240752	e5d011feaf336e386ca72fba9c89627285260ff6d9edaffac73042bc216f4f64
/var/mobile/dyld_ec.bin	245543523	1240752	38fc6bf0d79957e6b7e45b1b5a08749e5cab71a90f1c28a1f0d4fffa1876b747
/var/mobile/dyld_emark.bin	245285144	1245840	936e80b4c2f125aeafd0858f11a8b593e3275da250e08044093cdc3a609970ca
/var/mobile/dyld_emptysr_highreserve.bin	245790811	1239664	3f2048c9303464f673c8df2a661748a642175415c95ace31b3ff7f91a6937062
/var/mobile/dyld_emptysr_highreserve_v2.bin	246300116	1240752	d6f23861f1dceeca0f066de466383d07feebcabdf3ada76e8ce69758c951df01
/var/mobile/dyld_emptysr_test.bin	245790312	1239664	2b981ed621a649be3783df32fd0a192119bbfda0950a6ccfde11afe0105a78da
/var/mobile/dyld_entry_probe_tested	246301951	1245872	51a662178336308df0696ba2dc3ae2c92e7eeab2756fb3b3ba97e80135baead5
/var/mobile/dyld_ep.bin	245131867	1228864	f7827f0d5f62b3c1bc9337deb5becaf226a16988588cba9d189ad82dacef02de
/var/mobile/dyld_eprobe.bin	245780040	1240752	ec3d37a67cf40594f2be1aff9ea7811e0fd3b383128aee101b8e1e396876546a
/var/mobile/dyld_errno.bin	245391762	1239648	d34a0df3ab1ceec3f9076105d5822d4a619d7341c9a37583f9fb4bf236cd6382
/var/mobile/dyld_errw.bin	245453679	1239648	610cef92ea0491f45aba12a4163f8004c0d12a26565a895dbb4c2a7e90d11435
/var/mobile/dyld_es.bin	245292785	1239632	85224b42eeddb7771e603244b17f2c78166cbd6d97b47aeb7c0a5862658a90d8
/var/mobile/dyld_es_cknp.bin	245292764	1239648	9c1994dc755a0abe149879c272e3adc976f83a523624f9810ed78924b77f5422
/var/mobile/dyld_esmall.bin	245581462	1240752	5372920398d1d81b0345109f48f3c6469f868ea9be426635d863fda52c179d12
/var/mobile/dyld_f1.bin	245380754	1239632	8e0ad368890b2dd9735614a31eddee835b6e22842cb9cbd2c192a955da673b30
/var/mobile/dyld_f1_34790.bin	245842234	1239648	14e2751b3f6e54c7fd617206c181192ed30773fdc7f27caccdcddc7d85c0797f
/var/mobile/dyld_f1_backup_orig.bin	245842233	1239616	9956915299c6e3e21c7e650242166bab05dc635da4acac2cbade4e646eec51a1
/var/mobile/dyld_f1v2_backup_orig.bin	245842347	1239616	9956915299c6e3e21c7e650242166bab05dc635da4acac2cbade4e646eec51a1
/var/mobile/dyld_f1x	245944975	1229328	cad91709c99c0f65333af980ad311e042a54c8accb4daa0a0d6c9d645381b7e5
/var/mobile/dyld_f1x_hi	245950172	1245824	48c91753347b4447c6350f0e7ba0c8dd763eb64058ab54a9f5fa5d5fae007da9
/var/mobile/dyld_f1x_hp	245950288	1245824	b6f88004206ae11ce6308f3ea6294fa479d8378191eba64c615e8ca7f0f2d54b
/var/mobile/dyld_f1x_hp10	245954159	1245840	60cd80e3b00d04999e0265d81633effb03a60717843c2f47cc69e0e472c93199
/var/mobile/dyld_f1x_hp11	245954288	1245840	bd3d64116442f4c3fcd530d4868d06d4c5fc87512b2e1364e9afef5c51b41f16
/var/mobile/dyld_f1x_hp12	245954453	1245840	08946751992ad384d8c35fde478c857a2b24426df40479170380b7b4b474f268
/var/mobile/dyld_f1x_hp13	245954583	1245840	b70619eb4cf766f352910622546d2adc68da7ccf1248f73af88f9602ec5a70f5
/var/mobile/dyld_f1x_hp14	245954745	1245840	b1cef1b80503e4444abd43a8faeb1e6acbfcf05dd7c91598831140792c26443e
/var/mobile/dyld_f1x_hp15	245954838	1245840	42a7eedb97601c29210cf6d057d23c5ae5433f02f7c763b292cf84437909e6b1
/var/mobile/dyld_f1x_hp16	245955103	1245840	931b6422c0bf695f38a8bd676a9e618d013e00fd145195ea1f2347fb6f321e42
/var/mobile/dyld_f1x_hp17	245955145	1245840	bf8bb87c9eb33ce8d36c12cb973355132978c8a745bd9fd77062e40cb7c7e082
/var/mobile/dyld_f1x_hp18	245955251	1245840	46a0a043e104b870c347bc93f8c9f324d509241d8ff5136cfd1ff30c6e165c1a
/var/mobile/dyld_f1x_hp19	245955307	1245840	4294020e0f39fbea60d0b271bd790ebeae56493a1341c528263859934b758580
/var/mobile/dyld_f1x_hp2	245951061	1245824	ac8bc56a24efa1773c892d1be02aed67af33ab83e13db40cde4c478c5a1a4256
/var/mobile/dyld_f1x_hp20	245955457	1245840	a2bba844a92f3a7330e183f0d6a6b3d82d32a59d75a0a5289d4f668a94695d32
/var/mobile/dyld_f1x_hp21	245955535	1245840	db733a1e618c8b33968afd8ad33ce847fe239a1d3e4ab6e164fac938c7152b66
/var/mobile/dyld_f1x_hp22	245955565	1245840	457a24a71ecd299b0d6b1d14b909d44c5a4ace25a90e5899f62271f42f5f73f5
/var/mobile/dyld_f1x_hp23	245955619	1245840	16057e43f0f2c1f784de5332120591a617091b1a196747433751240e018a70e1
/var/mobile/dyld_f1x_hp24	245955650	1245840	1fa49b14fda6866a493acd14fb73e569ecd97cf4d06a55a22e3bf68d9032faca
/var/mobile/dyld_f1x_hp25	245955695	1245840	8417b6a002a00bbe7af644948e552d7e34a3345ace923b92908ccc9aae049cb4
/var/mobile/dyld_f1x_hp26	245955707	1245840	fbb613c7d08d1c700708755e4576c5dc5ed0c939d7dadace1c33726f60e65f87
/var/mobile/dyld_f1x_hp27	245955758	1245840	d04778296dd5168b4ed12017d40c92f99fe693569215344072a0d4b5501c579c
/var/mobile/dyld_f1x_hp28	245955857	1245840	5e78cc1e934c9f174a5abcaf4fe43bd7be522e0e802ff80b4e6fe57dc5cfb9cc
/var/mobile/dyld_f1x_hp29	245955868	1245840	354cee5f715298296983709a462640c25cada6880fdf541cc69e35a1d9f63f19
/var/mobile/dyld_f1x_hp3	245951135	1245824	66b2aac5a512ff1a9aa7d70dafd2e2b95cfe44824c04c00316713053348ae7d7
/var/mobile/dyld_f1x_hp30	245955969	1245840	8276da471c7fa1b32a89bdc3bdaafa9e4a6655996c6886de29fa45c05d071876
/var/mobile/dyld_f1x_hp31	245956047	1245840	1e55e64d9cd23bcc77ecef02ce72c95689dc5cf5f23a6c21d7361850c24790b5
/var/mobile/dyld_f1x_hp32	245956069	1245840	38f471781b892a3bcfaa586361ee90fc12ee2026beecf1ee051142b43cf100f2
/var/mobile/dyld_f1x_hp33	245956158	1245840	ab63e318d3eca374683c8cd44ca44a7a86d421e94c4e497bab0db044208d8fb6
/var/mobile/dyld_f1x_hp34	245956604	1245840	3903041ffead478f64d2dbc3d56c7d203bc70874d1a84b8fe2e63e5b58c6f448
/var/mobile/dyld_f1x_hp35	245956799	1245840	e73495101dc7230631dbf6df73003a20c391e8053e4c0cdaababe798d5d7601f
/var/mobile/dyld_f1x_hp36	245957056	1245840	be02c391ad2692c4d0f72ddb5a80f2b36dfd28dc12794c78ef6ba31efbca9f09
/var/mobile/dyld_f1x_hp37	245957326	1245840	3d534cbac53131e241bdcd5b7e1db86a89c1107ce3f7f6477124147e871c0eac
/var/mobile/dyld_f1x_hp38	245957346	1245840	c56e391a6c8d48a15ae927a77a8544df4ca210cc952271e0ca8059542943a7f1
/var/mobile/dyld_f1x_hp39	245957365	1245840	d5ea6ebd6f93aa5b4c9681f4d7955f7d7bb5ee240df8d4e30754130388f2b1d1
/var/mobile/dyld_f1x_hp4	245951445	1245824	c355c2b5ff1baf78fa0b71ded8ee48e46513752d723bab9827905e929abb56e1
/var/mobile/dyld_f1x_hp40	245957432	1245840	1837f1ee562400e32f1e9a8176700fdd143040c43a4faf4a660cbaeb8d54be91
/var/mobile/dyld_f1x_hp41	245957640	1245840	37af1f7c46907dc37c974ce239c28cdac5c29412249cc58f38e80cb69b5a24f1
/var/mobile/dyld_f1x_hp42	245957670	1245840	a3c0db1b76d593ea86f179decd93ecb468a360812997de3c106ecda826d578bc
/var/mobile/dyld_f1x_hp43	245957817	1245840	7b0171389b41661ae4772be34c0bf0c6498a7d3010accf095794e3157cfa0f88
/var/mobile/dyld_f1x_hp44	245958235	1245840	3c0354792f632b416cab943c3770c19279111c7270fc2a3117ad7192fabf5c10
/var/mobile/dyld_f1x_hp5	245952183	1245824	7b500c1c021f8380660a68ed3b53aa417c785d5ee2ed806190fbd108f42d9aed
/var/mobile/dyld_f1x_hp6	245952664	1245824	5bf42a7b5628807a8ad1dbbd735eb21fd6e96f322c75bdf47ba6c4b2b6afd44a
/var/mobile/dyld_f1x_hp7	245953207	1245824	80a293f1851e30afa9d1b6c134262548c38cef189ac291209a8b70408ba6c480
/var/mobile/dyld_f1x_hp8	245953443	1245824	4ef139a12fcf0290a431dac7e27c34f6f6022f901de8d50fbb4e3ddc212acb20
/var/mobile/dyld_f1x_hp9	245953981	1245824	0a8e402093baaa669648a8a01f8b16dda4a12ef42beeaa8f8a7ef62c5533a93f
/var/mobile/dyld_fc0.bin	245454714	1240752	060adb1e4dbad93cb2be2c7815e66b82a4232eb1848e2aac6b40e340b08a95f3
/var/mobile/dyld_fc0b	245477835	1239632	9e397ba144d0ee80bd4d32e830570ff5bdd9d15b652355854717d7679048f966
/var/mobile/dyld_fc0n	245458572	1239632	50c159f49ddc1f969cfe8082e279139013ba27b1bfa96a68d7b4669cb80c4b1d
/var/mobile/dyld_fc1.bin	245341705	1239632	b6c4818f96ed4f9587dccbe4549259b9d71ed387c50283a8a6ec42043799220c
/var/mobile/dyld_fd_tested	246308824	1245824	301aa78f56d112186977eb6f28645f33809e1aa1c9e10bd99a94f57d2923694c
/var/mobile/dyld_fdp.bin	245571653	1240752	e14788a78ac1b7736ba063f2f20d1404bb27ad05446a2f0871799bbeee340f83
/var/mobile/dyld_fdpath_candidate.bin	246308821	1240752	c9e8b3d947109f65b48f6d6a0bbae777a88c5f59096cef37d01b22809a69275a
/var/mobile/dyld_final.bin	245342139	1239648	0497ad8249b2a1e30fce7da35091049e2a0f2af14fb872d2c866a00c6707deb5
/var/mobile/dyld_fix.bin	245447384	1239632	df732a0d0d36278a09e815e68c97d34ba6289ef94b880323ca6ba1785b155eee
/var/mobile/dyld_fix2.bin	245447691	1239648	490e4c9f851cf726156c90d67bd0c5134a26c76f987b7e18a9e45133c1e64b17
/var/mobile/dyld_fix3.bin	245448031	1239648	ed8f8dc05739a560f7cdbdba27e695f5227bbf523e520dad92356bc4ea242ef6
/var/mobile/dyld_fix4.bin	245448090	1239648	6e616dc83aaef250cadfff68c3b48293e1b30473b9a06eb4735c5c7b8f37fe9c
/var/mobile/dyld_fix5.bin	245448380	1239648	c83580c6bdd1ec285106f5e594d7ec0bf2765fa6fa7c6f83a586b66a661113ab
/var/mobile/dyld_flow.bin	245324413	1239648	c19a4036e25af16f2fec63216305d5f892f8caf77696929c8f073f73a5adebec
/var/mobile/dyld_fm2e.bin	245268787	1239648	1fcd49b76d2abed0651a4e5c0b803b4faae3c0e4eeb27d379df74866df8d2dd1
/var/mobile/dyld_fm3.bin	245268904	1239632	128f94f23546471a42031cc09ab3805116089fc614b9e5cacfe42e6843f0233d
/var/mobile/dyld_fm_s.bin	245270144	1240752	5eb88ede09ffa178edfbd77c107a050eb4af8ef0de32bb9b68c00e007f6ed093
/var/mobile/dyld_fm_sre.bin	245270567	1222784	5e9be1bda64adeda6fe72abc1e88807a07b62ece05274195454fa389decdda25
/var/mobile/dyld_fm_sre2.bin	245270659	1222784	f39ed3cfd3483b879cb78d10e966c34f9405284c632fdd72fbc0fcdebfa61bc2
/var/mobile/dyld_fm_sre3.bin	245270641	1222784	e1cbf5a4248c9b048348fb4a5193b74f128f58eb4f77e224ccfcd8508b1652eb
/var/mobile/dyld_fm_sre4.bin	245270712	1222784	8536860db9351c5986b7943999a5b06e95e5d6f4b9fe351d90331a54652e2ce4
/var/mobile/dyld_fm_v2.bin	245271092	1222784	3b1d9bdf09ef0baeadca03c6ed12ee4a9506d68e8099ff8e27a548dfe4908b2c
/var/mobile/dyld_fm_v3.bin	245276219	1222784	be530813b41593d94eb9501119ce80e8fddde06acf5e9f7dc9abfc1efdf557be
/var/mobile/dyld_fm_v4.bin	245277228	1222784	5d552ec946724a7839fffeae06a209312dbf0baadf086531f228212b255e0fc8
/var/mobile/dyld_fm_v5.bin	245277405	1222784	36de79e53d0225a6771d3252fa72369a4de47c51eaf08474c8183becf6590369
/var/mobile/dyld_fm_v6.bin	245278065	1222784	1b2a9af0d8b0e7bdee1ce131abc43588d18661521e1b0e8fa89750fd659f8e6c
/var/mobile/dyld_forcemap.bin	245268594	1239648	0bf98e246647de527458729ab47897cc9cb7ae008ce38c16de290872a9b2a3c3
/var/mobile/dyld_forcemap2.bin	245268628	1239648	50f48dd9cbe04ad26b57d0d15ad94709ac1c88ff5d74217288cbba6338713db0
/var/mobile/dyld_fst.bin	245742199	1239632	cf8f5eee91cec2c4b4f0a56b0c41434a2f5d48ca1bf21e033f248b2dfe81a44f
/var/mobile/dyld_fw.bin	245131916	1228864	8548b4ffa31ab40c0e555578a319867e61f0fe916e575b339747fb9b38a920aa
/var/mobile/dyld_hi.bin	245579553	1240752	a91da5d20b50a16c2fc5035ce9c152c4b10af2b7e039f8ecc66ac3c925da019a
/var/mobile/dyld_hold.bin	245573557	1240752	f750d5a3b79b7b1c7b961841beae8cd28a53b6dd039e7df53ed4226add04aed5
/var/mobile/dyld_hold2.bin	245584209	1240752	501dd64e68eed144f9dc8931afe123ed5803528649e1e5e2a4065e710d61d27b
/var/mobile/dyld_hr2.bin	246148861	1240752	d6f23861f1dceeca0f066de466383d07feebcabdf3ada76e8ce69758c951df01
/var/mobile/dyld_imgp.bin	245453137	1239648	bb2b07ffd9e5c2194fa492cfdbd701812a32551a86bc79f7b2193be6254fc013
/var/mobile/dyld_ios_plat.bin	245297901	1222784	263158793ca6723c50ba3ec28c066a16ef3faf5cf3f155a2ca2fb4e2b2d1edc9
/var/mobile/dyld_iosdsc.bin	245297757	1239648	e80588856d3f802b1c956c4e839f16bf02ae2870d500340a045acdc7f5faf50a
/var/mobile/dyld_iosgate.bin	245514585	1240752	13c557181c1453b287cedb5f0f82f185be6808ed3900b7ad2ccad33141c69447
/var/mobile/dyld_iosgate2.bin	245514954	1240752	c0e3cac08236c59f76423661b02856a59c21fcff70fd5070597978373b6e5b03
/var/mobile/dyld_iosgate3.bin	245515074	1240752	1feb1474e345a4d38d3381ededd28c3ca89e5b42ed0927c6edfba7133a20f326
/var/mobile/dyld_iosgate4.bin	245515363	1240752	5f47891bd01602145c305af06d1a30ff07c532959701cc41c30b1e763f4c44f6
/var/mobile/dyld_iosgate5.bin	245515469	1240752	bdce41c19670ce8bb5fc67eb663f0a882ce4431fcbbbfbb0eda2dd349e1e9dd3
/var/mobile/dyld_iosgate6.bin	245517238	1240752	a08f3eeeb929055318b8656a96fc7217b5e4db9e8e8c672d8c27c036e2e3d2b7
/var/mobile/dyld_iosimg.bin	245514427	1240752	d6de30ccf08dd536150b66d1629c59675d37b2779619351869270c74ed285df9
/var/mobile/dyld_iosplat2.bin	245298093	1239632	76a183a9baf5a97e15b33bae004a23381c687e082e347455fb73676820ab1280
/var/mobile/dyld_keep.bin	245293958	1240752	c01e8ef262227e7b6013f9f32545c8d141ae15ab77a604381e244a59d494889b
/var/mobile/dyld_keep.s	245294014	1239632	5e2d3664196b9dd5159c6a31ec4e6ac60747cff3453cb661ee2a54be20cbbaf3
/var/mobile/dyld_ldp.bin	245780418	1240752	03c6e26b8c20894357b2d01c875cc9e56ebea7b11cb1e707ecbc663a097ef8de
/var/mobile/dyld_lo.bin	245579554	1240752	ef83f8457cc9d25770e90ee2307dbc16a5fe8cf6308137a813b40e4df91c96bf
/var/mobile/dyld_m01	245458656	1239632	a561870a2a2cb8330e39ccc7d163d4708396cffcfcd1537fd832712b97844289
/var/mobile/dyld_m01e	245458672	1239632	e5a39a3690619a7782770c19134f93429176f5df6ea713aab28034bc9f0a5e92
/var/mobile/dyld_m0e.bin	245571974	1240752	11a9032e98618a7b35f2ba8e8d5c24da19c5573c09e6edd85d0fae92f07afd10
/var/mobile/dyld_m1.bin	245546198	1240752	866f44bcab1f0c4ded0ea041dfa1f85a60aa3399493f2abe1898edc9967f2ed3
/var/mobile/dyld_m1_sf0.bin	245507956	1239648	1407d6e045606ba1fadb49735d9fae8f0b791ac31651bc3828572d25f6f12c8d
/var/mobile/dyld_m1d.bin	245482195	1239632	23a2e18f54f398a951a6a13c3e38bba9fa9a496a97e405e8e278d9ed878c2c78
/var/mobile/dyld_m1e	245458409	1239632	c2e23febc4a0ddd218a7da63a06eeb7ab6c4fc5d588ea0ca3a901e185edb2840
/var/mobile/dyld_m1e.bin	245482305	1239632	e4f41d089b7936c697e4d450b836849dae6f2aa570f5bab836651628304debf3
/var/mobile/dyld_m1ns.bin	245454856	1239648	09c6baf489afb11eeebdcee03eb468fd13ac5a245e51ea98b88e7a9a6c5546c8
/var/mobile/dyld_m1r.bin	245571480	1240752	7220a62be86fbf546ae9e58b60ce11d13d330de152d9bf78e468b7565fb22382
/var/mobile/dyld_m4.bin	245546199	1240752	fb667285fa7c786cb5c0c3dccb61ee2a4213099f60e3703e35d4d033253fb281
/var/mobile/dyld_m6s.bin	245574425	1240752	bd9e2aab084ab626b6b2dbc189fdf7ade37aad36cb8b55a4556e03bb2a78cbb7
/var/mobile/dyld_m7.bin	245546200	1240752	1dc56a9985678bff5c6002e43112eee5d70dfcd65f8cb248417e3be68517cde9
/var/mobile/dyld_m7b.bin	245566766	1240752	f1434da019543d863d920dccb96ed7a5377b05ab0e93178b72fbcc9847ec1c04
/var/mobile/dyld_m7d.bin	245546375	1240752	2b07764825855dc12648ce3049e439c650e0168a82bfd57360d88ebc8df0f94f
/var/mobile/dyld_m7e.bin	245570766	1240752	1dc56a9985678bff5c6002e43112eee5d70dfcd65f8cb248417e3be68517cde9
/var/mobile/dyld_m7p.bin	245546623	1240752	8bfcfe6e0fcf39e6859f07c6ac72b86f53279f3c00758310809d26fa01019ffc
/var/mobile/dyld_mBCD.bin	245278370	1222784	8f87c4bcf9fffc365b675618f017413a994dce516c211badd9843a3eeed1d7a9
/var/mobile/dyld_mDlr.bin	245279707	1222784	2c1dbb541ed9fd6ee4c1777165e8756383aedd1e16e2c62e013ebd5a10557f56
/var/mobile/dyld_mEFG.bin	245278511	1222784	e5302a3733717f14670e87f96104299c4fa03e6ebc50c2c5829fe64a801bc4d5
/var/mobile/dyld_mEFG2.bin	245278813	1222784	825a3ea24aa4e33289b99c6f161aa0404ceff0e1dda07f0282b876a1e79e12b5
/var/mobile/dyld_macmain.bin	245519492	1240752	64f6027019ca638731ce32691a6956174b6b46981d8cf13b84b9a6a27d4f5b42
/var/mobile/dyld_macwin.bin	245453659	1239648	2f9ef0724518dcb64ea582c27ff87d05b4b72b57146dca43af9d9a7dfdd57fae
/var/mobile/dyld_main1.bin	245482263	1239648	0cdc15cb63684b5ba6a54509c75aaad57b890afc7da7dde560539ddf0fd15e14
/var/mobile/dyld_mainonly	245459022	1239648	5b17352e375100e4467fa25a62b66c3bc831371e67777939062876bec0f5d593
/var/mobile/dyld_map1.bin	245454723	1239648	c473bc6983e93ba6d8b3bb1816743e382f658a490018dd97c02312874c5cd16f
/var/mobile/dyld_mapshared_diag.bin	246259099	1245872	b5b00d0dbb4b9ee4a6ad348162917a15f58fd106d75cbce42a70bb1722523a41
/var/mobile/dyld_mapshared_original_20261003.bin	246259098	1239632	b8fdbc1b7cfd15cccbcd110c0c3cb1ff91d135d6664b84770d42df843381b91e
/var/mobile/dyld_mark.bin	245341481	1239648	e70250bb4a2400c9533ab6b7a446b69dae9914e66810c1e48a644a3716415ad9
/var/mobile/dyld_md	245477750	1239632	223ef439c4edf58b6263b7d1d0c55b127d5bcc883db0b585e4603a50b1e84dfd
/var/mobile/dyld_mdump.bin	245742603	1239648	b0c0b931ed12f54ce6c2c43288db9581a5b2dd7aeac15e4b1fa1f10d05271f32
/var/mobile/dyld_mdump2.bin	245742752	1240752	4ed6943f512e4b7cc30b912b385ba11a058eadb511876321f46b019913f290d0
/var/mobile/dyld_mdump3.bin	245762320	1240752	c5187d2d03f5e592859ec982ce513b8e692d8a22ede17ec2b61d610b82e684a4
/var/mobile/dyld_mdump4.bin	245762795	1240752	f5e717851a172d4dc8b659172b18fc4186cc52eacb499e408c0abbe944bf0fbd
/var/mobile/dyld_mdump5.bin	245763415	1240752	c6d735ab87d1aaf9a3cfdd1223b18bc04e24afa2c5eb4d2dadbd858841904ee8
/var/mobile/dyld_min.bin	245454477	1239632	f0030dae673071e7e6d56d93bd1a4931c2735188c4eadf06deb437f0f1a163a1
/var/mobile/dyld_mk.bin	245324469	1239632	5eb558345ae253d85d2f910eeb69582a5b6341ced6bbf8a6dadd83686b893290
/var/mobile/dyld_mkABuS.bin	245338717	1239648	d3f32ccc90fb7d2ab3734b53cdd009a2c38dffe67371d539ca0be98d0af7c643
/var/mobile/dyld_mkB.bin	245278311	1222784	afaa9638ec3b3c614f80376e2c28484d63685ffc5aee1a16efd180f7f11f0aad
/var/mobile/dyld_mm.bin	245781454	1240752	f50b24d56476bc195f57fe9926421a8ca5aa2d18cba806908d328b1fe9350fda
/var/mobile/dyld_mmprobe.bin	245519812	1240752	206247f295faa6cab7b5a2787e5dd45c068f94af0b855918d92c276f8ced5e85
/var/mobile/dyld_mp2.bin	245519863	1240752	09e3f3ec57196816a90e021fc4fba48df06e47c1b4804ed1fa98f0d567ebb8fc
/var/mobile/dyld_mp3.bin	245520121	1240752	7f51d6e417e02e7ac3a825eb6269859b3be34382039509d1ef082a7ba9c8f9a7
/var/mobile/dyld_mr1.bin	245573947	1240752	7220a62be86fbf546ae9e58b60ce11d13d330de152d9bf78e468b7565fb22382
/var/mobile/dyld_mr2.bin	245573948	1240752	f935e3fcf1b0065c5e6e614b43c079b752a343c3b7c64c7a6244414fba8eb041
/var/mobile/dyld_mr4.bin	245573950	1240752	f7e0fe568fbc46486cba96655a211cd15387aeafdc7d1053e2379e3458b404f4
/var/mobile/dyld_mr6.bin	245573951	1240752	c99f61d523da8442f568a051e08a52e6296a685091192e2c02d4c95c50b063e7
/var/mobile/dyld_mr7.bin	245573952	1240752	0f3b3b5023226338ab2496269fccc9df8b15b707e660069e94d867f55392e66e
/var/mobile/dyld_ne.bin	245574473	1240752	01b89e7fdf67e55741ddbb712649e93b4afdb44257c370fdaa532567b9fea212
/var/mobile/dyld_ne2.bin	245574488	1240752	102047ec8656c08f86004b3412aef99fec5f46a6048895b90e48bc1513273bcb
/var/mobile/dyld_nes.bin	245574513	1240752	f05956d07e85a1453c2904f116b29523caab220e6c4a56aed01bbb31b7b6af4c
/var/mobile/dyld_noD.bin	245279869	1222784	03746c46b580c4e7493e98d808629166564ffed5876630533eb43acbb9f45c9c
/var/mobile/dyld_nochk.bin	245410721	1239648	34cab5e801be5dc3e17818488df4b777a8e28b75b1290b0a20793c0104452aad
/var/mobile/dyld_nodeal.bin	245293959	1240752	4168d31fce840015760674481ec50bdb20ecf201ed32443878d275c5a7cfa0ec
/var/mobile/dyld_nodeal.s	245293964	1239648	515829286bff24b2c20dc3c29ec197e52fe052c8f8a1b7cc71e24b558fb7ad2a
/var/mobile/dyld_nodyn.bin	245454716	1240752	f050dca02ba867ac9b5853d78805632138aa41a97b43f25aaf8ec5d90bb25e4e
/var/mobile/dyld_nodyn2.bin	245542909	1240752	038ca96381c036981c5c63d6f7250ef6f0ae4d586d39c18a1ce462fa08d9cc51
/var/mobile/dyld_nomwl	246153974	1239632	b8fdbc1b7cfd15cccbcd110c0c3cb1ff91d135d6664b84770d42df843381b91e
/var/mobile/dyld_noreuse.bin	245410450	1239648	377a575be9997e244d678e1cb85852d2a46b48ee7bb2103edf3acb4b6ed59f5c
/var/mobile/dyld_noslide.bin	245353412	1240752	6e86bb87d9580ee38950e44361a16897dd2b0eb4b35b4c9bf21e2ab84d223cd8
/var/mobile/dyld_noslide.bin.bak	245191262	1228896	b3eba2a24be39ab58c1fb37d40f8e4372724646bdcd125aa21a2e741151d0a67
/var/mobile/dyld_noslide.bin.old	245353550	1239648	21c5ebd2f3fe2d62cbcde8293bae713e6d0ac39f35fd18a88776fd6c9491f9b7
/var/mobile/dyld_noslide_reuse.bin	245191267	1228912	61d3e2f1a77fef69856bfd07d85b8760ed87dc331a38902ce8e252868e9c00ab
/var/mobile/dyld_noslide_reuse.bin.bak	245191266	1228912	61d3e2f1a77fef69856bfd07d85b8760ed87dc331a38902ce8e252868e9c00ab
/var/mobile/dyld_notpro_candidate.bin	246302624	1240752	1e16edf2f78589705c6466fb0baf9e152812ec06b4ad004b7f051bee1d67e75d
/var/mobile/dyld_notpro_tested	246302669	1245856	43f3d06aef6b21b8d7f83ee6a38b1568f86be74762e6453ead90033f2539b14e
/var/mobile/dyld_np2.bin	245772988	1240752	c1e8f143606bc5da745d9604131d0802ffdd43016c2cb8c0f7d0147268edf150
/var/mobile/dyld_np2b.bin	245773381	1240752	3c972d7d90e2a01e6c098dd49fad875ae777aade3b64f3ad600a3b38adf33770
/var/mobile/dyld_nr.bin	245341891	1239632	162ecafa383c444b729d55ed647bbed547f5fa3fa7b4a0a62b9a7c42e754dc6d
/var/mobile/dyld_nr2.bin	245342024	1239632	630b116a8b3f081e7d059d28c8d0609faf74cc9d6dc07b2eb9f7e8adfd31c366
/var/mobile/dyld_ns	245695961	1239632	99b7ae328a18e1f5fc12dd63da409cb275b6f3e0ad5a694538c47657eb4f3e4a
/var/mobile/dyld_ns.bin	245454612	1239632	ee5e38951a9dcc1bfff85eda196fcfe0c7bba0bcf4f78059cae79680b136b4ea
/var/mobile/dyld_ns2	245696025	1239632	544f76d432d1ac1981336136972b1c220c32ae62bbaf7aa5649530c67bd1aec3
/var/mobile/dyld_nsl	245478331	1239632	abf0e76d9b2da8d1d81fedf825617aea50f306dee735b98c409ed21cef542769
/var/mobile/dyld_nsl2.bin	245368222	1239648	8141143ea31da152824c15442233684fdcdaad3c87d4d39c24853ee4e2010ca5
/var/mobile/dyld_nsl2_skip.bin	245353707	1239648	d8b624641e1e8fb07d2e805994db79bd35267a00ca04456d76a31269cff2354a
/var/mobile/dyld_nsl2e5.bin	245368218	1239648	1ddc23a045222f8fd844d15316234e9e553db1e78b04f1bd2c5dc1f1dcd8f333
/var/mobile/dyld_nxe.bin	245581048	1240752	743e25d8122cb3d689c9d3eab2fb8b20194b2447f6158809ccfa917af6fdaf09
/var/mobile/dyld_nxes.bin	245581270	1240752	693406c2785dbf130168d5fc1c542e802f3a8973332bb9a5a32e594fd7c5eb2a
/var/mobile/dyld_nxet.bin	245581359	1240752	f80a9aeb360afd969e6cb98c3460235cd5ea248169f59f1d15bee8d421154652
/var/mobile/dyld_nxmix.bin	245581461	1240752	066ce48b79007aae4dcd1ad10086e216feedc1285238be4b60ed7d492b647fa8
/var/mobile/dyld_oat.bin	245736647	1239632	2d36061f6c1bcc85054289ca0e61b87cfffb7b6c8ae30e85617c329112d721f3
/var/mobile/dyld_p1.bin	245322450	1239632	374ac950e61a4c3ba0be0cc8ece0a5c4e7dbb357172903d1226071f0359a6e08
/var/mobile/dyld_p2.bin	245322689	1239632	7a32801f07ebef713cabe42ff099035e2b53eb09a21c339f0ceafdf994f6f334
/var/mobile/dyld_p3.bin	245323158	1239632	ce670f47d780a7bfb8c3f71c7063c23b7a7bcd80f0e5ba708c98c75b0cb29ca6
/var/mobile/dyld_p4.bin	245324232	1240752	d8f2f96688d4ac715769af995ce368ce48e99921b5daf8aad6c250e674c6e4ca
/var/mobile/dyld_p4s.bin	245324242	1239632	090c2834e8e45e84b188f5dbae2c98b74e65d04063fb34b693811fbf84f0c789
/var/mobile/dyld_p536.bin	245453172	1239648	688668461823407c00f24461cafdb7c0d7d8d154dbf412955aec290d90a83c6e
/var/mobile/dyld_p8.bin	245546624	1240752	46cc5e00e9acf80cb51d544fb86e854160f459c6f9af7671e6579832a8d570f8
/var/mobile/dyld_pA.bin	245520473	1240752	ce9306da513d5a86d807e5d36bfb55d694d3cf884c33752f07b56e12d33bfe03
/var/mobile/dyld_pB.bin	245520474	1240752	e521bb9fb4db6fdfbcc2c2e3c1b9b9b3bab38c66f7a016bd10211a7c5329ab36
/var/mobile/dyld_pC.bin	245520475	1240752	b6a6e0b8a530d153c3e60e6f960d6262e5abb1d7a74e66eeef8738177a3f7cc0
/var/mobile/dyld_pD.bin	245521335	1240752	fd9b368e4759bd7f5bc9a9e68b4ec000515e7dc36c58a048a66332dd7c771155
/var/mobile/dyld_pE.bin	245521336	1240752	aaa159f47c9e56bcf7b4b4f2378f0a67cbfb2962b6b70011bfdae66ac276bd18
/var/mobile/dyld_pF.bin	245521383	1240752	9ceeac4fb511bcdff3bff8870291c2ed0bd4096b884257ccdbd980e8250c3ea7
/var/mobile/dyld_pG.bin	245521384	1240752	134baa8e33a01498f792c67fee88b09d6c639770814ecf7a99480154f974fa80
/var/mobile/dyld_pH.bin	245521529	1240752	a9a7945f466586da2442da88d589c23aca78097f5a5e575969691512bdbf4eac
/var/mobile/dyld_pI.bin	245521679	1240752	1b95e403978782991113ae6d969b666ef68e60569e7e906436b104c7fff6592f
/var/mobile/dyld_pJ.bin	245521705	1240752	8a7a0181930c19c2bc9f7e3df318df7732bb52cfffac5b5689ef73163cb7c28f
/var/mobile/dyld_pK.bin	245521767	1240752	e3edbe8d3ff13a9a23453ac2dfb0b237766b050dad0994bf7d4e01b770643baa
/var/mobile/dyld_pL.bin	245521768	1240752	eefe2e5216104f161a5b12ce8f1ec0d1e0e5ebb9d9c6e3a43352fcaa10c783f0
/var/mobile/dyld_pM.bin	245521769	1240752	8dce4827725cdf9101a86c8fa87509a8268bc9bb9e894ac3f42b5c30b335bc16
/var/mobile/dyld_pN.bin	245522249	1240752	b94bbc3af4e113d034a0877a14c509556f45d2b987157dc94281343d6df3c7e8
/var/mobile/dyld_pe.bin	245454369	1239632	8ffb45b27653dd583a8e4e648ccc1f0155e170c6c653cb291be7e37c157135c3
/var/mobile/dyld_pe536.bin	245543291	1240752	46cc5e00e9acf80cb51d544fb86e854160f459c6f9af7671e6579832a8d570f8
/var/mobile/dyld_plat.bin	245735317	1239648	11df010c56a7d0328e853587448c9ed7f345cc36a8b2c0077cb7a0ac5b131249
/var/mobile/dyld_plat_errno.bin	245300134	1239648	6d4b336222769c8d12b81e4ca29e4541053be8c9d13f16a3ee5730ce9499cf57
/var/mobile/dyld_platstub2.bin	245410934	1239648	4c01fee60b365d3f8c271bc86e417d267acfbcf5cf19d829c99123d7909ede14
/var/mobile/dyld_pmmap.bin	245293741	1239648	192174a63f8eabe3b77630886a75fc5a3dcb0ff14c8e059741668f6e6c57ca59
/var/mobile/dyld_pmmap2.bin	245293763	1239648	2f174a438907bcc07f1e116e5b924b52abf6a2251ba814b78dcfcecab9f6ea17
/var/mobile/dyld_pmmap3.bin	245293899	1240752	c01fb4329af32af0c66d2c66cfe759c8f2a1f813885decd16dc0d66cef9af357
/var/mobile/dyld_pmmap3.signed	245293910	1239648	6e107f732d1cb4a472ab96a7879c187fa2741cad3a2a617c86fd078a1cde209c
/var/mobile/dyld_pnodeal.bin	245293642	1239648	d1de82ca611fd99f8cbad060f9ee0110e24ea429af9d6aa7bd1e30b963428a41
/var/mobile/dyld_pop.bin	245287315	1239632	322781df557d4e8e85e251400e27765c13946178d54e12f7df2c2f677c673fe8
/var/mobile/dyld_pope.bin	245290136	1239648	76dba7a4cd9fee907b7566e674640af3bd8c39615cf23e52e67fc99e215f3432
/var/mobile/dyld_pre_hr2.bin	246148862	1245840	7b0171389b41661ae4772be34c0bf0c6498a7d3010accf095794e3157cfa0f88
/var/mobile/dyld_prev_1790859570	245950173	1229328	cad91709c99c0f65333af980ad311e042a54c8accb4daa0a0d6c9d645381b7e5
/var/mobile/dyld_prev_backup	245131263	1239632	30694c735ab29dc33562e550675c240ed803b56b0371673ab18b0f26c667245e
/var/mobile/dyld_prev_backup.bin	245519486	1239616	a48247b48ef08bca43999b560c4c5b89d7575819565e1378bb6dee8f62ebc3b4
/var/mobile/dyld_pristine.bin	245293939	1240752	12dc97d541939a8e05d58f265f62eaef93fbce63740d7eefaee434cea7acbac5
/var/mobile/dyld_pristine.s	245294011	1239648	393e9f24a61e323d75f8e1d088229c43e73d601c7f23003f2bfb854cb3f7f349
/var/mobile/dyld_priv_backup	245293641	1239648	c80824276ad4dfbcf23ffa3bf5377f2bf04629bf773bc4e6c1d1eaf6b9cc5d04
/var/mobile/dyld_probeA.bin	245298943	1239648	07c89726108a0342732267207e018ade03bbee4f9ffac5128c5c6b6054e1adb1
/var/mobile/dyld_probeB.bin	245298944	1239648	5a99588e2f2398322b7bbcb75742bbb324ba80753912aa0b06f7ac5c5706e2d9
/var/mobile/dyld_probeC.bin	245298992	1239632	990c70c5e45cd2d13817a68334f0f6fa57d1f7a1f472a0bf1cf28e94349ecac7
/var/mobile/dyld_probeS.bin	245942385	1228880	86c31880a39a3862b7daafa095a8b73ce384dfd0efa70e416768817b7bf8e71a
/var/mobile/dyld_probe_cadhoc.bin	245298839	1239664	a7e2182b6d9c31b47a9a2d958d831498862c5ec243c0382af06efa8f504e283b
/var/mobile/dyld_probe_noC.bin	245733423	1239648	754bf2efa0fa9eb5403811ac01492d6979d9b828645baff90428496db7a9a55e
/var/mobile/dyld_probeonly.bin	245298251	1239632	82a3e898080e02fe1c23c7ff20da25b3bd3b0232f88ebb0402a61da3f3720882
/var/mobile/dyld_prod	245458605	1239632	5548a99e91a9d6e5c5458e97f087b854764ad1f7b5f554023ed4583da0da4dcf
/var/mobile/dyld_prod2	245459098	1239632	c4344f7cec0944ed4008e9897115ceece370a4c1c2d632d8ce49564050ae5e11
/var/mobile/dyld_ps.bin	245454458	1239632	e402ce42b861cc25b00040a4e92f09fefca29392564896a84f8f424313a2fc36
/var/mobile/dyld_pv_tested	246304546	1245824	ae389643a1712c5ca7074e881f3fcc89d8f5e2fb0bd24280d60dea16aa26604f
/var/mobile/dyld_pvn_tested	246304734	1245824	c447542133484edcfedd62a5f54452492d6f5c2687ce357168bde0b36b39d47a
/var/mobile/dyld_pw2.bin	245453796	1239632	cf9c78655bb7c7b38f1f947794fcf097d96372571495043a284712efd6c05004
/var/mobile/dyld_rc.bin	245780481	1240752	e75e5751f8600ac29c69a5d9563e214bb80fae6d49c93552964c359d3aaeffcc
/var/mobile/dyld_rc2.bin	245780518	1240752	72372ae755396ed58bc87f7940361e4038533b8948baeeb8432a6fe873bd6c8a
/var/mobile/dyld_rc3.bin	245780546	1240752	a2d5eadd5d0b6a92e84fdb81e7141488f9fbb91331523b802f6087e1ad51ecca
/var/mobile/dyld_rdh.bin	245572651	1240752	7f466c795c15a28ef14afb63a0f4f0b84288f1f99bc08692265d91bebb43c02d
/var/mobile/dyld_reg	245479034	1239632	de56f4d0d2b9031c2acff3d55bf3a3019f2a5f4acbc38c14cddac90d8b850c08
/var/mobile/dyld_reset536.bin	245179611	1240752	a4eca1d8f05d49b784fbe45ae65ae4cf161c13e79e78ed7ec6258040778e6e29
/var/mobile/dyld_reset536_v2.bin	245179690	1240752	1b8dd6f42ca7920f207719194ee591c8911f98f08027b2d8736b7a632564dac4
/var/mobile/dyld_resign_only.bin	245297939	1222800	47d2b3303221fbf3e099b9b7ea15a7782c0cf093ed481a9570b2e29214b37832
/var/mobile/dyld_restore.bin	245289508	1239648	156cd77803159f3a6db3befb913b45ba820e043a95f2ba7f3d3543f20d79bc72
/var/mobile/dyld_ret.bin	245571345	1240752	5560f098189e6b798aaa1115895fd9e9a73fc6f09735a3ccaecf52702c0c605e
/var/mobile/dyld_ret536.bin	245581114	1240752	5676e95a268d0ce52ee5d15fc52175ae832a4987f64c15760004e36e392629fe
/var/mobile/dyld_retonly.bin	245571362	1240752	8f63747becd4f04fe32e655c35f9fb5a0fab8223392060af6e2ae2a393e2a68d
/var/mobile/dyld_reuse_dump.bin	245292846	1239648	c80824276ad4dfbcf23ffa3bf5377f2bf04629bf773bc4e6c1d1eaf6b9cc5d04
/var/mobile/dyld_ru	245479789	1239632	e6ce419823e528425d4d6a62e1bd2af86ab384e5cdcb98d638649f7ff85b1b09
/var/mobile/dyld_s0.bin	245454773	1239632	251cf60cb91c77bcf0c3a07aee83694451e6afe30f1e02e5ad0bcfb64f09f9be
/var/mobile/dyld_segvcap.bin	245285211	1239648	9a9cc8dd06d675ac160d7866d63f2204ff5a1925325b7c52fdd3b8c5f917bc23
/var/mobile/dyld_segvcap_ent.bin	245190605	1239648	aeec384ec387493376e1c8ec2119bd9c4f6f524df974ef244c998863663e8362
/var/mobile/dyld_segvcap_late.bin	245202234	1222800	127eb7106d5b424cc033a2efcc41d626e179113f798b83fde61fff6a95f50e77
/var/mobile/dyld_segvcap_reusemin.bin	245202082	1222800	117093c1dab45545adbcf5b20a07e553ff653a0fbf31c51f5b23af90c3e3c44c
/var/mobile/dyld_segvcap_s256.bin	245190604	1222800	f3fa59d361e62f8b4cd34064a4be24fc0f32853d08f3c3b1846dab020bfccb97
/var/mobile/dyld_sf0.bin	245507943	1240752	5dfaaa88a4aa4677807fe94c0d1b2ae8387d835da7ca1059cadaae426c5f24df
/var/mobile/dyld_sf0e.bin	245487282	1239648	feb0c3c857501cf05b0163fe1638c3be9a4e04315d6a85a249cc9eab48c50823
/var/mobile/dyld_sf0e5.bin	245368131	1239648	dead6dc9cb090332e5d782705ab4f982acc513a3fc411e67c83d1d22654186f4
/var/mobile/dyld_sf0f1.bin	245380813	1239648	643af659f480d9b8cc38c295dd9bd7a750261691aa1373845849ece612afb953
/var/mobile/dyld_sf0plat.bin	245508151	1239648	762a9a213ca6d2eb8146d8a4e46c2f9ba6695d567001798ea679bd89af015761
/var/mobile/dyld_sf2.bin	245573478	1240752	b6d7b9b70821c9031bab44ddc03ce60669fb22ae26770141bbc2bb4369b892b4
/var/mobile/dyld_sf3.bin	245574245	1240752	9877195651a014de1955bf840f1315355c6434e8034e03daca220f9e8de5449b
/var/mobile/dyld_sf4.bin	245574288	1240752	b605994881a51076b1043a78ced75d3bb2f5ad206b355f690dbe23eb495d1f24
/var/mobile/dyld_sfr.bin	245572732	1240752	e20d7699c2fe66e0894e19dbd0615c133a5cfae3df0b7ae1855f975b3636ef49
/var/mobile/dyld_sh.bin	245455187	1239632	3d622ea3cc666530400069e1d2ca08ecc13bb776e87ffdda076047b88b761455
/var/mobile/dyld_shrb.bin	245546971	1240752	30d1ed973f8908fe99948b55655ce9367655c04f6a4325d8b77f2621f1a6c560
/var/mobile/dyld_shrc.bin	245547117	1240752	2365e39cf3e5504b523b1c5ceecdbaa7939d11e3a8838471a18e272ac51b3f1e
/var/mobile/dyld_shrd.bin	245566356	1240752	9258c9cb73ad379d3c6e215879ad6c2bfc0b2bbfa6082ba81ad2cf9370f4f112
/var/mobile/dyld_shre.bin	245566599	1240752	c8cef07afe2d3a653187d718216fc6b7c56dc17aae59d9a596478d68eb8f58b3
/var/mobile/dyld_shrf.bin	245566619	1240752	d463f9418c3b87fd69e92b4ad1e818f07c8fe846d289fc1460dfc0f2d99acc1e
/var/mobile/dyld_shrfx.bin	245571464	1240752	1c1fffd86b6763114e74fbd8bf6892def89ec774ce73e9d5a133ddee4b3346c8
/var/mobile/dyld_shrk.bin	245546845	1240752	e3e6a0c00f20ad297a15b614289f3b35643f33d43e40711ac555ffd576023d7f
/var/mobile/dyld_skipcs.bin	245341426	1239648	185c5a7e53618342212d289b6381d7a976e8b22036b3637da4cb5e338d641c4b
/var/mobile/dyld_skipe0.bin	245584249	1239648	22aac413d6ea85acbea53eaf4b8bffe64bdf6e26357af52b3bfb1c6fac70ef31
/var/mobile/dyld_sl2.bin	245341728	1239632	7f46f830560d151b633740aae26f8ffb07ebe6a3f39e806f6fc500eadc0e987e
/var/mobile/dyld_sms	245479749	1239632	968ff1cf80496e8e9f0bf71fbddcf4894051f8b4d98bfa0e8dd06aa154c733df
/var/mobile/dyld_smsd.bin	245481310	1239648	3a61242065bd31e7ae07251072e3261aeee2185e03e4f93f9fe2de0323da9c23
/var/mobile/dyld_spin.bin	245290233	1240752	3d3f7ba10fe4650d17dc72c30bc7f835ba8d2cc2276e206329572a99d587425d
/var/mobile/dyld_spm7.bin	245566675	1240752	df2988477226c17a3704406fb22e743784682e3404ec19968cee17f4af7e32f2
/var/mobile/dyld_sr	245479179	1239632	f1a9cb30936c15afcad4e9157db754bc6b62fa0ee07b36dcd644981cced971a6
/var/mobile/dyld_sre5	245479400	1239632	3bb314c3633f87e0355144efeb4a8c6c5fca5be8fdf02e7d190ab116a097a53e
/var/mobile/dyld_sre5b	245479414	1239632	25b63181ebfb0ed8450f4fa54972831a59a7aee9cc5d5868e1e27bec94f330f4
/var/mobile/dyld_srpair_test.bin	245788992	1239648	477f6fe8b3c7a07b8b9fc4fec801e09e86cedabc68ed1a8718e7ccd639fc277e
/var/mobile/dyld_srpair_test_v2.bin	245789542	1239664	5262c837427c9f0af5520892d28554f647e7340f672151489a928227883c87d5
/var/mobile/dyld_sspin.bin	245571185	1240752	8b6e15362b73a9bd33ce80ddc55bf4d7ec8aed30b8cce0f0ba2ef9caeade1399
/var/mobile/dyld_st.bin	245277591	1222768	99506daf847172fc309c342cb824c2da65f36cbc9f5b781e2f2848ba266e4f85
/var/mobile/dyld_st0.bin	245277759	1222784	2fd208b4c16cf8764005955b307be1e4322b59bbb41e166f6f5bf2de71f03a1d
/var/mobile/dyld_stop.bin	245765062	1240752	77c945f5550bbca1f5bbdab06c7b238579a1d30947875d629029c4a93f9fbd4f
/var/mobile/dyld_stop2.bin	245766861	1240752	c534307ba6756c25c2b2abe367cd82b90c70650f483c34c8b3306eee8e9f5780
/var/mobile/dyld_stopnp.bin	245767711	1240752	1fd420aa5efc174a39c5e867c317c61eb074ab7f5d3ae9ba4dbda4c7fcb31c5b
/var/mobile/dyld_stopnp2.bin	245771668	1240752	e4a5bb0aaded03b80158ef926cca55ed212665f442350c9ac5e64caabfc8b84f
/var/mobile/dyld_subcache_probe_tested	246300853	1245872	51a662178336308df0696ba2dc3ae2c92e7eeab2756fb3b3ba97e80135baead5
/var/mobile/dyld_subv2_tested	246303628	1245824	3dfe4792420c879bd9fd6f506e0fadfb2fcb51a505a70f25698304bc92ba63a5
/var/mobile/dyld_subv3_tested	246304109	1245824	86f95198028e81124d0ca305bc1d7a15d5bc2d2a825c64236d4ec6fc92fa9c57
/var/mobile/dyld_subv4_tested	246307188	1245824	628ea734e184af0e1693412aeed9df9d611fc306adcecf57a949d94f450adc5a
/var/mobile/dyld_subv5_tested	246307395	1245824	a4b4a51961ede93756fedb96156fd439a28d62a25e21c0988b06a7e41cd51fa0
/var/mobile/dyld_subv6_tested	246307630	1245824	d967f457901853bd3faf7d907af25e347df9a6e69f3c8043c6d89c86a0c41ae7
/var/mobile/dyld_subv_tested	246303218	1245824	2b37f9c6a286d74bad1e7fb8aaab5d84ccddaf7f05980c55161ff504559d7df0
/var/mobile/dyld_subvc_tested	246308490	1245824	bb659b66c9fde165864d950075ead8a776497a23a8f97f384c7b3b8c2c157b07
/var/mobile/dyld_t.bin	245739436	1239632	3de9d52d324cb5f5ccf6cc508d979c4b804bc46d3c947320ade2ed970c3f93b4
/var/mobile/dyld_tick.bin	245581613	1240752	a7e140bc64de6f3b47a934f8f549a6f1b7830df221e242a19ae13f7d6cf721f3
/var/mobile/dyld_true_pristine	245943934	1229376	83ffd2c4055b5b56fa8957540a19cd6c2fb53fda9b4a83025a80ad6a10f5e5cc
/var/mobile/dyld_v_noreuse_tail.bin	245191271	1222800	2fadca99d7eb1215c119673bc4e71d1c04f3f699e20b88c5563ef846c96566d0
/var/mobile/dyld_v_noreuse_tail.bin.bak	245191270	1228896	4188b6729482532d8973fd286f7f8a98c53bd391202146e7d94693eccd241dfd
/var/mobile/dyld_v_noverbose.bin	245191269	1222800	b99776128f3145782f61010c604cc18f017dfdfe7ba8639a85c4a109dcafcb5f
/var/mobile/dyld_v_noverbose.bin.bak	245191268	1228896	c204b4d5324b50fe63213e5cef43a4929d223ce9bd3f6140aad5c73a91fa4eee
/var/mobile/dyld_v_reuse_min.bin	245191273	1222800	1afcfa66760628385a06e02edca61a68a911d24aef0a9617eb7bfad2a4999086
/var/mobile/dyld_v_reuse_min.bin.bak	245191272	1228896	6e94cb1594a9d4916a4ba5fc507b6775dae5827e9688319d9af3613e7668b005
/var/mobile/dyld_va.bin	245579753	1240752	67b873d6baba9c968491cb95a34c9c16c8556d5f1c5f89385c3bd6ebc280198f
/var/mobile/dyld_vad_tested	246305415	1245824	d9915987d4139922ce80229ce71d7127e46b09fdb906792ce9ac565299ce6b59
/var/mobile/dyld_x0.bin	245410235	1239632	84b86979f745cef7a26409d40f23ff11a08c38359252da3b4ac7eccee002cc03
/var/mobile/dyld_xo.bin	245454482	1239632	e8867712a06631151644b48d65b9c5e43554d8be2783de12d97954f991e0be4d
/var/mobile/dyld_zf.bin	245454968	1239632	e5ca8141348ed3d24add68c97cf90d68c9c45214c5cf5defca1d09553e3f60fd
/var/mobile/fmt13_patch.py	246152836	6279	f38432e41e4cd6d218fee6fd85a3fe2c76243a36fcab1175929034c7e836a9c2
/var/mobile/formal_trust_after_reboot.out	246348020	200	9cceb7e2a48abf853f112927267d45595622f75c8f83ae20581d5515616a551e
/var/mobile/libdyld_instr.dylib	245518652	182856	c54d7faf3f4ddfaca81b4baa51c98340a07366519f75e0c6f3de66d43354924b
/var/mobile/mac15_device_scan.py	247361443	2570	d8da3136743d44487f856bf668e49d6cc2984cbaa1246565e3239230f71599b4
/var/mobile/mac15_inventory.launch.out	247400468	0	e3b0c44298fc1c149afbf4c8996fb92427ae41e4649b934ca495991b7852b855
/var/mobile/mac15_inventory.py	247382462	2824	8263e4e4f5b6cceee75cb180047fc1c76329d09b4b128f6acbc38ab1a1dcf2e3
/var/mobile/mac15_inventory_20261004.jsonl	247400471	144952	0d32460a49867dac31c4c551d73bb56590b014d92be00abb1c9a164afc5a1f74
/var/mobile/mpriv	245743079	16656	572118b95687170c2596362cf4f9f51e8931474fd222381fff6c5a9188ffb4fc
/var/mobile/mpriv_dyn	245743197	17064	8d055bfefb1028a5b6f7647e088bdf33ad06738340158bcc0bcb8cda1c7805f8
/var/mobile/mpriv_e	245748788	17064	ec774f80684929f7a725785f6c72de90b0e7a02dfdc1a5f01d34aad665465e8e
/var/mobile/mregions	245749010	16968	d03c0c4092fb952766a09130ac3b96f8fb20cd539a492bc3e0b326e4324d4e04
/var/mobile/mregions2	245762368	16936	9b003361a53528983453948091001b25fa8a9d3c623a4c4f95ac1d64d9048dbe
/var/mobile/nm/dyld	245299942	1239616	91c6860465ea3134e7537448a4d4edab0c1a9faf275b6454dc027f3e057a571d
/var/mobile/nm/dyld_plat.bin	245322152	1239648	11df010c56a7d0328e853587448c9ed7f345cc36a8b2c0077cb7a0ac5b131249
/var/mobile/nm/dyld_probe_noC.bin	245321679	1239648	82deaad44643d34965a4b8dc5fa61246f27f2b5ba177a0ca8e4a31f639233bfb
/var/mobile/nm/run_nocskill.entitlements.plist	245321654	541	fe0896edd3ff0a0a536bd36e48a7f803111f76fb1e0597badc8a0254049e0f53
/var/mobile/nm/run_nocskill_new	245321656	53136	3edbd9bc814d156470121447462c6bf4d19392ad450158857469a2fc902c47e3
/var/mobile/nullab.out	246330537	49	743b85713e72887f0f97d5ac0459e1420437687c0bc35a8c281df047c0e5b6c0
/var/mobile/nullab.probe	246330539	528	695dd82bed0d029351050c16c8a3e50c92a05645bbe95893c3b3e9a0d87e978a
/var/mobile/nullab.raw	246330536	3526	e2cc69850606f2efbd8ca4b3344b0db3fed0aa4e66c68805bffa08fc8c61052f
/var/mobile/nullab.runnerpid	246330538	5	ee2756ac6992c6dbbe9150aad6f36c92cecc7021b39efbc84807af9ce6cbf62f
/var/mobile/pagewalk.py	246170673	7292	b9c915a116f61eaec30fb3359d85964eb29c032a2a28d5486d307523124d0639
/var/mobile/pmap_dump_tmp.py	246260295	10457	648e53d5bc0cc405625574eaa35926274279637991488688edd6c730c1ee6550
/var/mobile/pmap_extra.out	246319478	49	8960d8c46cd3f06ab03604492488fbf95e9731812017879a9eca34c75b03ad91
/var/mobile/pmap_extra.pid	246319477	5	e87d319abfe93e9a1c72b48c2a37c4c86bc240050f18897dc415cde4e73de849
/var/mobile/pmap_extra.py	246319475	3796	53ef95ba90c8d60f779d475db66b8ccef885259de8f8c7f057a54f2c5e53c65d
/var/mobile/pmap_extra.raw	246319476	3528	fe6ff8308aa04508ccf7490b0f53c9ef88e8a6c7351276a0afcab1bb7e827708
/var/mobile/pmap_field.py	246330811	1540	9ef9cd9cb3268fd9cc059737e185c4656f8d0d6b695fa7e9fd58a97c64f4b84d
/var/mobile/pmap_nested_null.py	246330533	1578	7cec87912894c72c5a47d22ad8265f2c8ac7f94d52347166cd82468bb034c2f4
/var/mobile/pmap_parent.py	246323054	2335	3145fe40171e674df06250075393afb4c0c21715ead7637778cdf25692b408b6
/var/mobile/pmap_probe.py	246261556	2846	3b10c85646fe5ece7d6d8eb5bb82b22f10c0d413d7de068084fe2fad35faf596
/var/mobile/pmap_run.out	246319090	49	400c09085c284b807bb7b4444dbd77b7374b5cc858278dbe7630c1ba6bac73db
/var/mobile/pmap_run.pid	246319092	5	a7957571809aefd05783cce5dbc8a9db02444f7ed4cfbf0b48bb86072bfab9b1
/var/mobile/pmap_run.raw	246319091	3526	5f88596ee112dc8673fdd1d8411a6c5181cb22948e54f446010f5341ed29e2f0
/var/mobile/pmap_tree.py	246263580	1957	bf5c1b3488a5e0dc814b57bcff9c2af608e396fc55718a7be04a79fba56b3ec4
/var/mobile/pmap_type_probe.py	246329713	1668	dbe10e715a3264b710d1b6f7a937f6762ba8297fe22d674b328c0d54f77a26ca
/var/mobile/pmap_type_probe2.py	246330086	1811	33927a3c46b48dff9308609166dadfd4acbcd7e3bd502211e23e3d4419aa5c08
/var/mobile/pmapenforce_ab	246269141	51264	39ec88cbf1a7dbf9f132fa1ba79ac655f3b70b8e6b86bfa6c720cc382b79757e
/var/mobile/pmapnested.b64	246299511	4048	34c6f35ea3a366b4635c3880601211db1e952e64c662f2b4b9be7bd5b850840a
/var/mobile/pmapnested.py	246299567	3034	b5b6c808f2cc1843c948a58c5a61b8489e08c4122898a45ff7c553a1b1c37514
/var/mobile/post_reboot_fmt13.sh	246152837	1887	7b52570f4a0d3f82551dbde9b96be00e1181be0cba9a2765596d6ca40dc6d8f5
/var/mobile/pvdiag.py	246304481	3921	055fd675f5167f84720315dbc6b2abb8091784849d98256f6b8e4e52249d38e8
/var/mobile/run_dbg	245780103	52640	3e8a91e39335023b483a7b77344b1254f3162ab9334f69e5b779b44a5964fac0
/var/mobile/run_dbg2	245762428	50920	13838931afed4c56ce6001b838d74f98f9fe9a641092ab4e63583bddb18b1ab7
/var/mobile/run_dbg_crash	245944749	53056	44280a352e27fe34563eab39042ec6231164cb0dcea4e5207844665efeb06be4
/var/mobile/run_dbg_csfix	246271938	53776	05827a0447122e7f8038a9d44ff1b4f10589120c1772b0e42ab819cc8dfc1787
/var/mobile/run_dbg_csfix_raw	246272347	53792	e08c489529037f0a9e456333eb9a6ea91e2202dc87f5a954773b3ae872f1e3fa
/var/mobile/run_dbg_csfix_raw2	246272526	53792	0a3106f089eedafa00466e507dc0298ad9f84080f237cde011206b5966a41ab8
/var/mobile/run_dbg_csunkill	246260751	69680	e1e68387d3c4941e8140fb7745b4aff67648926b435e8af51157e778cfd67493
/var/mobile/run_dbg_csunkill2	246264904	53792	3ac9631ac1d3dae7eecac820f2a00ee5c873d74ee087c234335ce8fc13a86d2d
/var/mobile/run_dbg_exc_probe	245790682	34544	5c8e6503d83e3af2fea5a5240529ab78876ae2056a6bc4c96838f18e2a3cb8aa
/var/mobile/run_dbg_hold_v1	245796628	53072	e6a9e47418fcc3bcd00071a04f9d6f859cbaa15b24814ee8dd0d5ef5c4ef333a
/var/mobile/run_dbg_hold_v2	245797825	53072	5af5df15f95d5b1e80809ad9c89e512b2cb8cfc05469e03717f937537b873ff5
/var/mobile/run_dbg_kobj	246268640	53856	27db0461bc55fe7cc4a7790dea70881155002202f79f1a3cb25e69aff8a554ae
/var/mobile/run_dbg_mapinfo	246274930	53872	d801c5f0f170246606b22c4fe333944c82989c430554c239c2a5fbef71123788
/var/mobile/run_dbg_pair	245788993	52752	d9b8c03a568db100c1dd7cfd8c016c2d9039fbf07fb1a82cb1f73d49973e6a8f
/var/mobile/run_dbg_pair.entitlements.plist	245788985	541	fe0896edd3ff0a0a536bd36e48a7f803111f76fb1e0597badc8a0254049e0f53
/var/mobile/run_dbg_pair_v2	245789543	52768	a60afa5f23c942cfc40abaea337db51cc2ad969b46ff23966445ae60fdc52948
/var/mobile/run_dbg_pair_v3	245789849	52768	b3aa00cc089c655e9e9722573999ae9d5d0027f7217a5f1b94eed123118a0c96
/var/mobile/run_dbg_pair_v4	245790681	52768	7f6f22839962c5edaef6db168fc706fb982d1c623dd26e49fbaab7346b67c8f3
/var/mobile/run_dbg_pair_v5	245791303	52912	9908c57b0c249e222bc7d174d900d9598ab3a4eb6bc7013ea4b73d272510a5ea
/var/mobile/run_dbg_pcmap_v1	245795089	53040	79e5cb013c649a3f0f17fbe52d74ab139a6a2ab4fb319cf002f18ac89fd9747d
/var/mobile/run_dbg_probeproc	246274721	53872	e0d851c2b567cae7c87b8aa8e55acdaa815ef6696ede2c2d34d9ff45679b4157
/var/mobile/run_dbg_reproc	246274852	53792	b2483b4abe4b5048a8d4b12242131541e4a17bf4ee56b91fd663ac73d6a12f38
/var/mobile/run_dbg_v10	246169019	53616	33c96556403d45a81402aac0988cb8d87920ee25d3bc312a8645326ae64f893f
/var/mobile/run_dbg_v11	246169297	53616	eaec24f8024e82ad18bd5a0073825e4e35474154d4b79e58558a4d3648c7a3ca
/var/mobile/run_dbg_v12	246170500	53488	69a9d7935f8851c775d77e9feed3e5d65b08bedbfa6c5c8b4c3fdf748d880dfe
/var/mobile/run_dbg_v13	246170709	53696	33a08ff51c39e458e12150b2002a475f66f08a42329c34ca115b6650deb38234
/var/mobile/run_dbg_v14	246170728	53696	92c6e02eddaa40a78c4f3819b1e649b804dcbd978177c33a827a7761c0b81ac4
/var/mobile/run_dbg_v15	246170751	53744	d52f4fd9b9edb0a1c19d4a146a405a54c3f08e5b972a1b762bd6f56627a8d1d0
/var/mobile/run_dbg_v16	246170769	53776	a440a5fb2bdfe068a6c2d91834ffe4ebd062baf641145f36bbb147a29307e5f3
/var/mobile/run_dbg_v17	246171017	53776	dfccbed176a3822c1ce6fe7721258d772930271ec715127396aaab1fe4f76d32
/var/mobile/run_dbg_v5	246148626	53056	4c2ff0e720344956204a90a7b389f4cfe4cbaafc94a329f65171f457667dfccd
/var/mobile/run_dbg_v6	246148695	53056	f8d1dbb945dccef1d07682eae8c870f9651e269fe30601c77cfbc2bb8ede4aca
/var/mobile/run_dbg_v7	246168509	53360	0ea3149f0e481df3a0d5267b2f72d25b235e39482122243a78d03c9545a914c3
/var/mobile/run_dbg_v8	246168564	53360	73ceae543b57db575838d4873b8da9a60e1a5c372535f2ac32813bf635fe3ee6
/var/mobile/run_dbg_v9	246168598	53616	b0c8d02da4219d09c6999c47dbe44ba2dc6ce11df6eb85a7c654dc7999d32112
/var/mobile/run_dbg_vdiff	246308822	53776	c4082a45685b08d57bf66a8c82e227f399b67e5b2197cb5f9e2e2b8194629b3f
/var/mobile/run_dbg_wait	246272670	53824	8f91f5041dabf8af730fde44179896c6e88c59a91db80c65aa34e06d13fbedde
/var/mobile/run_nocskill	245321657	53072	fe39a0263b0ff8888aa985535fd7a95a2feac662157ba4d21f715c95e656c412
/var/mobile/run_nocskill.done	245271146	0	e3b0c44298fc1c149afbf4c8996fb92427ae41e4649b934ca495991b7852b855
/var/mobile/run_nocskill.entitlements.plist	245742133	541	fe0896edd3ff0a0a536bd36e48a7f803111f76fb1e0597badc8a0254049e0f53
/var/mobile/run_nocskill.oldbase	245321655	53072	fe39a0263b0ff8888aa985535fd7a95a2feac662157ba4d21f715c95e656c412
/var/mobile/run_nocskill.py	245266960	2615	76dc819098c70a81e53f943220f5d6679a07ca86ceefecabab648312c9dcd374
/var/mobile/shim_libdyld.s	245295278	217088	d92a564feb21e164de8eb9d69c06270b8763abbe39169e3bba8d779f21fe53d2
/var/mobile/shim_libdyld_hashes.txt	245295247	82	c08d4a7358604398103bb3184ca2987cd1c77a0120c43a046277060009d62a19
/var/mobile/sizeab.out	246330813	49	879350b4942704ff2cd381cdd5aaa576d6f097f06f094dca3a1f3983eab0376d
/var/mobile/sizeab.raw	246330812	3526	ed0828bb3072a94188657136236ac9b81cfebb50d1974f0dd84e7a28549a781f
/var/mobile/sizeab.runnerpid	246330814	5	0e1b9239b1ec703c249328248ef3170a400d8905583e8ef30cf5518a2b341256
/var/mobile/sprobe_ios	245410686	34048	4e47217e24c1d7e22a626c7093ac2c8b0c99b24839e63ad8106e00629a6da210
/var/mobile/sr536	245579945	51424	cd7852ce48ed0b27dc3912f7858acfba4734a35047aa8cfbc9ed4c0062937f87
/var/mobile/srteardown	245767251	34016	7013012c81ea9228355dfbc0847a932b93e6bf9a64a96511a91d2d7056b8ea4f
/var/mobile/sysmain_echo.out	246325997	49	b7fa58b50bf5a872bb8431dad62009089ad0303cdec44391ffe49d597eccfa82
/var/mobile/sysmain_echo.raw	246325996	1717	1c7b737437d4f9646b56a3d9708f4fc2ce2cdb9d37cef16790751e885100af90
/var/mobile/triage.py	245798229	3745	528e25a81a6913f39a23ed9a3997f420c9139f4bd50b2c710e4bc2ba97103e52
/var/mobile/triageread	245798310	51536	f3fa23191053b8dca00785b0eb5d70625fbff335f07d0cb29d50bd8331a3a47e
/var/mobile/triagescan.py	246150679	3366	c0e2d198c0f17283ccb5575063e57c85b7f275de23ecc6baad5ed863b2e53045
/var/mobile/typeab.out	246329979	49	c02289cec230138e06ae81b5a1869449c141af3a3a8d9f79a663c284afe6d5f3
/var/mobile/typeab.raw	246329978	3496	c4eb1d0d7ea775060f74099566c7a021ecbcdb1740a958a4fec6dee88656a345
/var/mobile/typeab.resume	246329980	0	e3b0c44298fc1c149afbf4c8996fb92427ae41e4649b934ca495991b7852b855
/var/mobile/typeab.runnerpid	246329981	5	ad5b6890b2b9115172434aafccab19c0e253a696a508cdd36c685185f69d06ef
/var/mobile/typeab2.out	246330128	49	4510d2166eab2327c0109e02c849752576e167c411773074b9f9ec95b2399df8
/var/mobile/typeab2.raw	246330127	3497	69730dcfca97a2ab866136e9e281967b15194068ac54439e53f02287ca2ad4c0
/var/mobile/typeab2.resume	246330129	0	e3b0c44298fc1c149afbf4c8996fb92427ae41e4649b934ca495991b7852b855
/var/mobile/typeab2.runnerpid	246330130	5	8a9862cc81600fc3a3bb5216ecdce8d4faebe2f5929787f6f9943edf18f8fb5d
/var/mobile/typeab3.out	246330195	49	2767433e49ea8680302bf3fa988542deeef205de5d9b2709c1ec405cdd377316
/var/mobile/typeab3.raw	246330194	3526	3ef6696215b881e8d4dbf2f5faeeda2ef25b39109c3ff6bf77b59b0256b98522
/var/mobile/typeab3.runnerpid	246330196	5	7b6f08b4afedb1afc77f7859704594373d73212ae2ec9526364b799908fd3335
/var/mobile/typeab4.out	246330262	49	e49dc5a2cc5a3d4b4aa76c68ade2e132ab02b547cd3ee01d5b0fe12678b54a96
/var/mobile/typeab4.raw	246330261	3526	11f415bb45b016ff935e96c2e15bffd63602fa4f52c7b9498fed6a10dfa71da0
/var/mobile/typeab4.runnerpid	246330263	5	a9126f836cf4bcabc9d7c7607f62ab0e7faa711db0e5449cd5ab73f945a4cd05
/var/mobile/vadiff	246168450	51696	de0d3001675b16daec62ed694832ecc85e18e9484c2c9d0cc6443f12365f34b6
/var/mobile/vadiff.py	246168176	1450	509bde17279543192da715a61be4a80a913b463863ea076650307ddda165eeba
